"ID","Description","GeneRatio","BgRatio","RichFactor","FoldEnrichment","zScore","pvalue","p.adjust","qvalue","geneID","Count"
"GO:0042921","nuclear receptor-mediated glucocorticoid signaling pathway","1/2","12/18842",0.0833333333333333,785.083333333333,27.9933071190733,0.00127337830391883,0.0180104911356784,NA,"PER1",1
"GO:0072672","neutrophil extravasation","1/2","12/18842",0.0833333333333333,785.083333333333,27.9933071190733,0.00127337830391883,0.0180104911356784,NA,"CD99",1
"GO:0031958","nuclear receptor-mediated corticosteroid signaling pathway","1/2","13/18842",0.0769230769230769,724.692307692308,26.8929551913953,0.00137945654307947,0.0180104911356784,NA,"PER1",1
"GO:0002693","positive regulation of cellular extravasation","1/2","15/18842",0.0666666666666667,628.066666666667,25.0319859840551,0.00159159612009296,0.0180104911356784,NA,"CD99",1
"GO:0042634","regulation of hair cycle","1/2","21/18842",0.0476190476190476,448.619047619048,21.1457640668208,0.00222787964067417,0.0180104911356784,NA,"PER1",1
"GO:0043153","entrainment of circadian clock by photoperiod","1/2","24/18842",0.0416666666666667,392.541666666667,19.7753144176,0.00254594534508157,0.0180104911356784,NA,"PER1",1
"GO:0009649","entrainment of circadian clock","1/2","27/18842",0.037037037037037,348.925925925926,18.6398788714731,0.00286396034556657,0.0180104911356784,NA,"PER1",1
"GO:0009648","photoperiodism","1/2","29/18842",0.0344827586206897,324.862068965517,17.9827696237769,0.00307594217704432,0.0180104911356784,NA,"PER1",1
"GO:1902624","positive regulation of neutrophil migration","1/2","31/18842",0.032258064516129,303.903225806452,17.390230043412,0.00328790147344515,0.0180104911356784,NA,"CD99",1
"GO:0046329","negative regulation of JNK cascade","1/2","36/18842",0.0277777777777778,261.694444444444,16.131001592649,0.00381770112348778,0.0180104911356784,NA,"PER1",1
"GO:0002691","regulation of cellular extravasation","1/2","37/18842",0.027027027027027,254.621621621622,15.9102495513107,0.00392364415218882,0.0180104911356784,NA,"CD99",1
"GO:0033144","negative regulation of intracellular steroid hormone receptor signaling pathway","1/2","37/18842",0.027027027027027,254.621621621622,15.9102495513107,0.00392364415218882,0.0180104911356784,NA,"PER1",1
"GO:1900744","regulation of p38MAPK cascade","1/2","40/18842",0.025,235.525,15.2983164263986,0.00424143943567745,0.0180104911356784,NA,"PER1",1
"GO:1902622","regulation of neutrophil migration","1/2","41/18842",0.024390243902439,229.780487804878,15.1093909549327,0.00434735992930169,0.0180104911356784,NA,"CD99",1
"GO:0038066","p38MAPK cascade","1/2","55/18842",0.0181818181818182,171.290909090909,13.0307860546887,0.0058296552942857,0.0195528639172989,NA,"PER1",1
"GO:0032922","circadian regulation of gene expression","1/2","65/18842",0.0153846153846154,144.938461538462,11.9769698161808,0.0068877616455485,0.0195528639172989,NA,"PER1",1
"GO:0042303","molting cycle","1/2","66/18842",0.0151515151515152,142.742424242424,11.8849349532305,0.00699354129494467,0.0195528639172989,NA,"PER1",1
"GO:0042633","hair cycle","1/2","66/18842",0.0151515151515152,142.742424242424,11.8849349532305,0.00699354129494467,0.0195528639172989,NA,"PER1",1
"GO:0045123","cellular extravasation","1/2","66/18842",0.0151515151515152,142.742424242424,11.8849349532305,0.00699354129494467,0.0195528639172989,NA,"CD99",1
"GO:0002028","regulation of sodium ion transport","1/2","67/18842",0.0149253731343284,140.611940298507,11.794961150499,0.00709931531057173,0.0195528639172989,NA,"PER1",1
"GO:0072678","T cell migration","1/2","68/18842",0.0147058823529412,138.544117647059,11.706972403757,0.00720508369242934,0.0195528639172989,NA,"CD99",1
"GO:0033143","regulation of intracellular steroid hormone receptor signaling pathway","1/2","70/18842",0.0142857142857143,134.585714285714,11.5366651533822,0.00741660355483753,0.0195528639172989,NA,"PER1",1
"GO:0051591","response to cAMP","1/2","81/18842",0.0123456790123457,116.308641975309,10.7152645651144,0.00857955998358795,0.0208852993842107,NA,"PER1",1
"GO:0002534","cytokine production involved in inflammatory response","1/2","85/18842",0.0117647058823529,110.835294117647,10.4567377043815,0.00900228421733218,0.0208852993842107,NA,"PER1",1
"GO:1900015","regulation of cytokine production involved in inflammatory response","1/2","85/18842",0.0117647058823529,110.835294117647,10.4567377043815,0.00900228421733218,0.0208852993842107,NA,"PER1",1
"GO:0034109","homotypic cell-cell adhesion","1/2","92/18842",0.0108695652173913,102.402173913043,10.0453961155502,0.00974183472627244,0.0211538078261591,NA,"CD99",1
"GO:1990266","neutrophil migration","1/2","93/18842",0.010752688172043,101.301075268817,9.99043806996077,0.00984746226390165,0.0211538078261591,NA,"CD99",1
"GO:0043124","negative regulation of canonical NF-kappaB signal transduction","1/2","98/18842",0.0102040816326531,96.1326530612245,9.72832412774412,0.0103755154455106,0.0214921391371292,NA,"PER1",1
"GO:0072676","lymphocyte migration","1/2","103/18842",0.00970873786407767,91.4660194174757,9.4854384774118,0.0109034277828909,0.0218068555657818,NA,"CD99",1
"GO:0002532","production of molecular mediator involved in inflammatory response","1/2","109/18842",0.00917431192660551,86.4311926605505,9.21621452357183,0.0115367366733655,0.0222490550352258,NA,"PER1",1
"GO:0042752","regulation of circadian rhythm","1/2","115/18842",0.00869565217391304,81.9217391304348,8.96822604511498,0.012169842748151,0.0222490550352258,NA,"PER1",1
"GO:0046683","response to organophosphorus","1/2","116/18842",0.00862068965517241,81.2155172413793,8.928765081926,0.0122753407090901,0.0222490550352258,NA,"PER1",1
"GO:0014074","response to purine-containing compound","1/2","133/18842",0.0075187969924812,70.8345864661654,8.32717366659413,0.0140679440783736,0.0224372067274575,NA,"PER1",1
"GO:0097530","granulocyte migration","1/2","133/18842",0.0075187969924812,70.8345864661654,8.32717366659413,0.0140679440783736,0.0224372067274575,NA,"CD99",1
"GO:0030518","nuclear receptor-mediated steroid hormone signaling pathway","1/2","135/18842",0.00740740740740741,69.7851851851852,8.26392268421773,0.0142787315507932,0.0224372067274575,NA,"PER1",1
"GO:0043401","steroid hormone receptor signaling pathway","1/2","135/18842",0.00740740740740741,69.7851851851852,8.26392268421773,0.0142787315507932,0.0224372067274575,NA,"PER1",1
"GO:0002687","positive regulation of leukocyte migration","1/2","139/18842",0.00719424460431655,67.7769784172662,8.14151168286494,0.0147002388904032,0.0224372067274575,NA,"CD99",1
"GO:0046328","regulation of JNK cascade","1/2","139/18842",0.00719424460431655,67.7769784172662,8.14151168286494,0.0147002388904032,0.0224372067274575,NA,"PER1",1
"GO:0043409","negative regulation of MAPK cascade","1/2","163/18842",0.00613496932515337,57.7975460122699,7.50365894913493,0.0172273899816294,0.0256202209983207,NA,"PER1",1
"GO:0007254","JNK cascade","1/2","173/18842",0.00578034682080925,54.4566473988439,7.27764329000581,0.0182794118622199,0.0265051472002189,NA,"PER1",1
"GO:0141193","nuclear receptor-mediated signaling pathway","1/2","189/18842",0.00529100529100529,49.8465608465608,6.95371796165956,0.0199614750471829,0.0276140642456645,NA,"PER1",1
"GO:0007623","circadian rhythm","1/2","200/18842",0.005,47.105,6.75372379977074,0.0211170568721278,0.0276140642456645,NA,"PER1",1
"GO:0071383","cellular response to steroid hormone stimulus","1/2","205/18842",0.0048780487804878,45.9560975609756,6.66812997253164,0.021642095987246,0.0276140642456645,NA,"PER1",1
"GO:0097529","myeloid leukocyte migration","1/2","207/18842",0.00483091787439614,45.512077294686,6.6347545359222,0.0218520721969093,0.0276140642456645,NA,"CD99",1
"GO:0002685","regulation of leukocyte migration","1/2","210/18842",0.00476190476190476,44.8619047619048,6.58557834318247,0.0221669942581356,0.0276140642456645,NA,"CD99",1
"GO:0009755","hormone-mediated signaling pathway","1/2","212/18842",0.00471698113207547,44.438679245283,6.55336924170365,0.0223769141301075,0.0276140642456645,NA,"PER1",1
"GO:0071674","mononuclear cell migration","1/2","212/18842",0.00471698113207547,44.438679245283,6.55336924170365,0.0223769141301075,0.0276140642456645,NA,"CD99",1
"GO:0006814","sodium ion transport","1/2","242/18842",0.00413223140495868,38.9297520661157,6.11867996425346,0.0255230080004987,0.0308403013339359,NA,"PER1",1
"GO:0009416","response to light stimulus","1/2","253/18842",0.00395256916996047,37.2371541501976,5.97878386360805,0.026675305338034,0.0315748512164484,NA,"PER1",1
"GO:0048511","rhythmic process","1/2","272/18842",0.00367647058823529,34.6360294117647,5.75717919239748,0.0286640314786626,0.0332502765152486,NA,"PER1",1
"GO:0048545","response to steroid hormone","1/2","317/18842",0.00315457413249211,29.7192429022082,5.31312499367546,0.0333660597104823,0.0379457149648623,NA,"PER1",1
"GO:0043122","regulation of canonical NF-kappaB signal transduction","1/2","326/18842",0.00306748466257669,28.898773006135,5.23536349816757,0.0343050963509451,0.0382262320939984,NA,"PER1",1
"GO:0010959","regulation of metal ion transport","1/2","332/18842",0.00301204819277108,28.3765060240964,5.18525806412625,0.0349308672583089,0.0382262320939984,NA,"PER1",1
"GO:0007249","canonical NF-kappaB signal transduction","1/2","339/18842",0.00294985250737463,27.7905604719764,5.12846147493107,0.0356606769804041,0.0383022086085822,NA,"PER1",1
"GO:0050900","leukocyte migration","1/2","352/18842",0.00284090909090909,26.7642045454545,5.02743122249604,0.0370153055028778,0.0385530405767143,NA,"CD99",1
"GO:0009314","response to radiation","1/2","354/18842",0.00282485875706215,26.6129943502825,5.01237484606985,0.0372236253844138,0.0385530405767143,NA,"PER1",1
"GO:0043269","regulation of monoatomic ion transport","1/2","383/18842",0.00261096605744125,24.5979112271541,4.80723539310576,0.040241731287454,0.0409477265731988,NA,"PER1",1
"GO:0030522","intracellular receptor signaling pathway","1/2","399/18842",0.0025062656641604,23.6115288220551,4.70356462232868,0.0419048650081024,0.0419048650081024,NA,"PER1",1
