"gene_id","baseMean","log2FoldChange","lfcSE","stat","pvalue","padj"
"ENSG00000179094",1080.51142069949,-2.40929602399112,0.51434752332865,-4.68417930429435,2.81083874082332e-06,0.0375935627391414
NA,NA,NA,NA,NA,NA,NA
NA,NA,NA,NA,NA,NA,NA
NA,NA,NA,NA,NA,NA,NA
NA,NA,NA,NA,NA,NA,NA
NA,NA,NA,NA,NA,NA,NA
NA,NA,NA,NA,NA,NA,NA
NA,NA,NA,NA,NA,NA,NA
NA,NA,NA,NA,NA,NA,NA
NA,NA,NA,NA,NA,NA,NA
NA,NA,NA,NA,NA,NA,NA
NA,NA,NA,NA,NA,NA,NA
NA,NA,NA,NA,NA,NA,NA
NA,NA,NA,NA,NA,NA,NA
NA,NA,NA,NA,NA,NA,NA
NA,NA,NA,NA,NA,NA,NA
NA,NA,NA,NA,NA,NA,NA
NA,NA,NA,NA,NA,NA,NA
NA,NA,NA,NA,NA,NA,NA
NA,NA,NA,NA,NA,NA,NA
NA,NA,NA,NA,NA,NA,NA
NA,NA,NA,NA,NA,NA,NA
NA,NA,NA,NA,NA,NA,NA
NA,NA,NA,NA,NA,NA,NA
NA,NA,NA,NA,NA,NA,NA
